{
  "gizmos-infos": {
    "is2D": false,
    "is3DIcon": false,
    "iconSize": 2,
    "gridVisible": true,
    "originAxis2D": {
      "x_visible": true,
      "y_visible": true,
      "z_visible": false
    },
    "originAxis3D": {
      "x_visible": true,
      "y_visible": false,
      "z_visible": true
    },
    "gridColor": [
      166,
      166,
      166,
      255
    ],
    "transformToolName": "position",
    "pivot": "pivot",
    "coordinate": "local",
    "toolsVisibility3d": true
  },
  "__version__": "1.0.3",
  "builder": {},
  "snap-configs": {
    "position": {
      "x": 1,
      "y": 1,
      "z": 1
    },
    "rotation": 1,
    "scale": 1,
    "isPositionSnapEnabled": false,
    "isRotationSnapEnabled": false,
    "isScaleSnapEnabled": false
  },
  "rect-snap-configs": {
    "enableSnapping": true,
    "snapThreshold": 4
  },
  "camera-infos": {
    "1ec8c3d0-582c-4c93-851b-4e21261dacfe": {
      "position": {
        "x": 640,
        "y": 360.0000000000001,
        "z": 5000
      },
      "rotation": {
        "x": 0,
        "y": 0,
        "z": 0,
        "w": 1
      },
      "viewCenter": {
        "x": 0,
        "y": 0,
        "z": 0
      },
      "contentRect": {
        "x": 0,
        "y": 5.684341886080802e-14,
        "width": 1436.4,
        "height": 807.9750000000001
      },
      "scale": 1.1221875000000001
    },
    "884825e2-d88d-447f-94d5-f3b4af2c430e": {
      "position": {
        "x": 0,
        "y": 0,
        "z": 5000
      },
      "rotation": {
        "x": 0,
        "y": 0,
        "z": 0,
        "w": 1
      },
      "viewCenter": {
        "x": 0,
        "y": 0,
        "z": 0
      },
      "contentRect": {
        "x": -1026,
        "y": -829,
        "width": 600,
        "height": 300
      },
      "scale": 1
    },
    "878c9556-e4b0-4a9b-9ed4-b557b4196ab8": {
      "position": {
        "x": 39118422079605560,
        "y": 23236581235086224,
        "z": -130289413715675380
      },
      "rotation": {
        "x": 0.011188964143910208,
        "y": 0.9460972017166795,
        "z": -0.0328736843250891,
        "w": 0.3220158580942083
      },
      "viewCenter": {
        "x": -22932908021662350,
        "y": 30313616068048950,
        "z": -49694570065704320
      },
      "contentRect": {
        "x": 40,
        "y": 142,
        "width": 2032,
        "height": 1630
      },
      "scale": 1
    },
    "8bdd3f6d-1d3c-493d-a676-6c4e1b5336d4": {
      "position": {
        "x": 1636.2282851957916,
        "y": 1397.7136021919969,
        "z": 2554.67668478191
      },
      "rotation": {
        "x": -0.2407702369318758,
        "y": 0.2374300793410271,
        "z": 0.06087181372802277,
        "w": 0.9391226079300524
      },
      "viewCenter": {
        "x": 265.3665674195339,
        "y": -185.34321477097524,
        "z": 16.838940889637115
      },
      "contentRect": {
        "x": 0,
        "y": 0,
        "width": 2032,
        "height": 1630
      },
      "scale": 1
    },
    "7bfb4c20-d725-4601-a72e-ef478537a50a": {
      "position": {
        "x": 1877.9587669629275,
        "y": 1877.958766962927,
        "z": 1877.9587669629268
      },
      "rotation": {
        "x": -0.27984814233312133,
        "y": 0.3647051996310009,
        "z": 0.11591689595929512,
        "w": 0.8804762392171493
      },
      "viewCenter": {
        "x": 0,
        "y": 0,
        "z": 0
      },
      "contentRect": {
        "x": 0,
        "y": 0,
        "width": 2032,
        "height": 1630
      },
      "scale": 1
    },
    "6833103a-4287-481f-a875-0ff0c23dbf4e": {
      "position": {
        "x": 1877.9587670183262,
        "y": 1877.958767018326,
        "z": 1877.9587670183255
      },
      "rotation": {
        "x": -0.27984814233312133,
        "y": 0.3647051996310009,
        "z": 0.11591689595929512,
        "w": 0.8804762392171493
      },
      "viewCenter": {
        "x": 0,
        "y": 0,
        "z": 0
      },
      "contentRect": {
        "x": 0,
        "y": 0,
        "width": 2032,
        "height": 1630
      },
      "scale": 1
    }
  },
  "camera-uuids": [
    "1ec8c3d0-582c-4c93-851b-4e21261dacfe",
    "884825e2-d88d-447f-94d5-f3b4af2c430e",
    "878c9556-e4b0-4a9b-9ed4-b557b4196ab8",
    "8bdd3f6d-1d3c-493d-a676-6c4e1b5336d4",
    "7bfb4c20-d725-4601-a72e-ef478537a50a",
    "6833103a-4287-481f-a875-0ff0c23dbf4e"
  ],
  "camera": {
    "color": [
      48,
      48,
      48,
      255
    ],
    "fov": 45,
    "far": 10000,
    "near": 0.01,
    "wheelSpeed": 0.01,
    "wanderSpeed": 100,
    "enableAcceleration": true,
    "size": "__default_design__",
    "far2D": 10000,
    "near2D": 1,
    "wheelSpeed2D": 6,
    "iso": 0,
    "aperture": 19,
    "shutter": 7
  },
  "float-window": {
    "position": {
      "cc": {
        "Camera": {
          "dock": false,
          "top": null,
          "bottom": 10,
          "left": null,
          "right": 10
        }
      }
    }
  }
}
